02/01/2015,4294.049805,4311.000000,4224.339844,4252.290039,69809300
05/01/2015,4221.990234,4276.919922,4105.450195,4111.359863,137887700
06/01/2015,4129.890137,4151.410156,4076.159912,4083.500000,130814400
07/01/2015,4111.729980,4144.950195,4080.780029,4112.729980,121316600
08/01/2015,4176.160156,4270.109863,4163.629883,4260.189941,154417100
09/01/2015,4249.259766,4272.830078,4149.140137,4179.069824,139011800
12/01/2015,4196.779785,4252.270020,4165.149902,4228.240234,129743900
13/01/2015,4204.770020,4310.580078,4197.810059,4290.279785,127789000
14/01/2015,4227.459961,4302.220215,4207.370117,4223.240234,156380800
15/01/2015,4262.939941,4338.729980,4119.350098,4323.200195,187411300
16/01/2015,4303.549805,4387.220215,4294.759766,4379.620117,174122800
19/01/2015,4388.669922,4423.250000,4367.240234,4394.930176,107393400
20/01/2015,4406.959961,4463.509766,4405.939941,4446.020020,141375600
21/01/2015,4455.009766,4484.819824,4406.720215,4484.819824,160196600
22/01/2015,4486.759766,4569.549805,4462.169922,4552.799805,208073500
23/01/2015,4588.490234,4673.299805,4585.640137,4640.689941,222514400
26/01/2015,4620.000000,4678.830078,4616.609863,4675.129883,127771700
27/01/2015,4671.759766,4679.259766,4592.620117,4624.209961,145807700
28/01/2015,4660.450195,4660.879883,4582.580078,4610.939941,130618600
29/01/2015,4571.049805,4632.379883,4571.049805,4631.430176,117222200
30/01/2015,4655.950195,4660.709961,4583.680176,4604.250000,142104300
02/02/2015,4613.310059,4646.549805,4584.370117,4627.669922,123784000
03/02/2015,4651.069824,4701.520020,4645.149902,4677.899902,146301200
04/02/2015,4682.810059,4696.299805,4651.779785,4696.299805,130750800
05/02/2015,4654.560059,4705.100098,4647.850098,4703.299805,121316800
06/02/2015,4698.839844,4707.240234,4675.370117,4691.029785,154635000
09/02/2015,4652.160156,4659.259766,4611.149902,4651.080078,138917900
10/02/2015,4663.459961,4716.490234,4636.080078,4695.649902,127662600
11/02/2015,4687.870117,4694.439941,4659.459961,4679.379883,94464200
12/02/2015,4670.080078,4746.750000,4664.029785,4726.200195,159105400
13/02/2015,4748.040039,4779.540039,4741.200195,4759.359863,161376000
16/02/2015,4757.520020,4766.470215,4747.220215,4751.950195,99362700
17/02/2015,4720.930176,4766.669922,4683.189941,4753.990234,109444600
18/02/2015,4782.589844,4806.680176,4775.870117,4799.029785,140858300
19/02/2015,4788.399902,4841.689941,4770.169922,4833.279785,128577800
20/02/2015,4821.379883,4837.930176,4780.810059,4830.899902,140055500
23/02/2015,4872.129883,4875.970215,4832.359863,4862.299805,102128000
24/02/2015,4865.680176,4899.520020,4843.959961,4886.439941,106329800
25/02/2015,4885.000000,4894.600098,4863.220215,4882.220215,117214700
26/02/2015,4884.890137,4910.620117,4877.240234,4910.620117,105228900
27/02/2015,4905.770020,4951.479980,4903.089844,4951.479980,120717900
02/03/2015,4937.430176,4950.589844,4900.109863,4917.319824,149942900
03/03/2015,4922.430176,4936.470215,4863.919922,4869.250000,116619800
04/03/2015,4882.939941,4917.350098,4856.140137,4917.350098,117022000
05/03/2015,4929.040039,4974.640137,4926.089844,4963.509766,108151700
06/03/2015,4953.680176,4986.879883,4949.879883,4964.350098,134221500
09/03/2015,4940.640137,4950.419922,4917.459961,4937.200195,119543200
10/03/2015,4930.060059,4941.379883,4869.450195,4881.950195,132780600
11/03/2015,4900.370117,5003.580078,4900.330078,4997.750000,144167500
12/03/2015,4990.959961,5000.939941,4981.279785,4987.330078,112062500
13/03/2015,4997.939941,5010.799805,4969.470215,5010.459961,105602100
16/03/2015,5019.020020,5071.680176,5019.020020,5061.160156,109124000
17/03/2015,5065.620117,5074.830078,5006.930176,5028.930176,132932500
18/03/2015,5032.180176,5041.319824,5001.370117,5033.419922,127395500
19/03/2015,5029.970215,5059.680176,5006.819824,5037.180176,122169000
20/03/2015,5044.419922,5106.040039,5036.270020,5087.490234,185669400
23/03/2015,5078.250000,5078.250000,5036.229980,5054.520020,112901000
24/03/2015,5040.859863,5103.299805,5032.779785,5088.279785,130680800
25/03/2015,5073.279785,5087.299805,5012.870117,5020.990234,124717600
26/03/2015,4992.549805,5006.350098,4932.529785,5006.350098,161978600
27/03/2015,5020.089844,5048.370117,5003.310059,5034.060059,142337500
30/03/2015,5052.250000,5097.589844,5045.359863,5083.520020,112697900
31/03/2015,5073.990234,5098.859863,5028.379883,5033.640137,126492200
01/04/2015,5009.629883,5110.790039,5007.680176,5062.220215,121105100
02/04/2015,5068.060059,5080.529785,5059.419922,5074.140137,77337100
07/04/2015,5106.359863,5166.770020,5096.000000,5151.189941,111763000
08/04/2015,5146.779785,5168.029785,5128.180176,5136.859863,95958600
09/04/2015,5156.160156,5208.950195,5154.600098,5208.950195,100086000
10/04/2015,5224.220215,5240.649902,5210.609863,5240.459961,120562700
13/04/2015,5236.109863,5262.740234,5222.399902,5254.120117,116785400
14/04/2015,5252.479980,5260.779785,5192.890137,5218.060059,262666600
15/04/2015,5230.979980,5269.500000,5217.040039,5254.350098,259448500
16/04/2015,5246.750000,5255.240234,5214.939941,5224.490234,164371600
17/04/2015,5214.330078,5238.910156,5132.709961,5143.259766,188551300
20/04/2015,5154.910156,5187.589844,5151.120117,5187.589844,116468000
21/04/2015,5205.100098,5243.569824,5172.759766,5192.640137,139757100
22/04/2015,5210.700195,5225.859863,5146.270020,5211.089844,126766700
23/04/2015,5217.080078,5226.169922,5146.680176,5178.910156,128135000
24/04/2015,5202.629883,5225.390137,5166.810059,5201.450195,132942200
27/04/2015,5198.790039,5283.709961,5135.890137,5268.910156,128430000
28/04/2015,5256.790039,5256.790039,5138.299805,5173.379883,146716900
29/04/2015,5176.669922,5202.560059,5034.830078,5039.390137,149347400
30/04/2015,5040.509766,5069.040039,4987.259766,5046.490234,207097200
04/05/2015,5060.500000,5112.859863,5013.529785,5081.970215,110373300
05/05/2015,5074.419922,5133.169922,4969.970215,4974.069824,158058300
06/05/2015,4968.140137,5013.209961,4936.339844,4981.589844,169169600
07/05/2015,4945.819824,4981.990234,4874.899902,4967.220215,186569200
08/05/2015,4999.479980,5094.009766,4981.410156,5090.390137,148505400
11/05/2015,5050.919922,5050.919922,5008.890137,5027.870117,105803700
12/05/2015,4988.850098,4992.919922,4922.020020,4974.649902,130251300
13/05/2015,4996.189941,5045.540039,4944.390137,4961.859863,125480600
14/05/2015,4942.490234,5043.689941,4905.700195,5029.310059,106266300
15/05/2015,5049.560059,5066.569824,4965.859863,4993.819824,118689900
18/05/2015,4996.959961,5026.279785,4932.009766,5012.310059,99355700
19/05/2015,5040.450195,5124.500000,5040.450195,5117.299805,131121300
20/05/2015,5106.259766,5139.060059,5089.430176,5133.299805,92775200
21/05/2015,5120.879883,5148.870117,5104.209961,5146.700195,76471600
22/05/2015,5147.410156,5155.279785,5121.689941,5142.890137,88052800
25/05/2015,5139.649902,5139.649902,5099.129883,5117.169922,21000700
26/05/2015,5122.870117,5146.029785,5062.470215,5083.540039,106516600
27/05/2015,5105.859863,5193.770020,5086.359863,5182.529785,121961600
28/05/2015,5157.250000,5164.240234,5096.529785,5137.830078,94177200
29/05/2015,5137.020020,5144.729980,5006.459961,5007.890137,161991900
01/06/2015,5029.049805,5060.490234,4989.939941,5025.299805,97082300
02/06/2015,5051.680176,5051.680176,4960.720215,5004.459961,121140700
03/06/2015,5016.370117,5088.140137,4991.270020,5034.169922,113879500
04/06/2015,5006.189941,5044.750000,4916.450195,4987.129883,129401400
05/06/2015,4951.799805,4966.450195,4894.169922,4920.740234,117606600
08/06/2015,4906.169922,4917.520020,4857.660156,4857.660156,100424300
09/06/2015,4849.120117,4868.419922,4783.919922,4850.220215,137312600
10/06/2015,4831.029785,4956.740234,4811.540039,4934.910156,125031000
11/06/2015,4926.770020,5022.100098,4917.919922,4971.370117,133827300
12/06/2015,4962.220215,4973.069824,4852.359863,4901.189941,118044300
15/06/2015,4844.950195,4871.069824,4805.100098,4815.359863,106993300
16/06/2015,4778.209961,4857.629883,4748.930176,4839.859863,122656600
17/06/2015,4845.729980,4858.049805,4773.189941,4790.620117,108775800
18/06/2015,4777.910156,4805.009766,4712.970215,4803.479980,135723200
19/06/2015,4807.580078,4870.520020,4799.270020,4815.370117,183933200
22/06/2015,4926.629883,5010.390137,4911.859863,4998.609863,170982500
23/06/2015,5045.569824,5078.509766,5024.259766,5057.680176,129386400
24/06/2015,5060.580078,5065.740234,5001.669922,5045.350098,137708100
25/06/2015,4996.629883,5087.080078,4996.629883,5041.709961,128574400
26/06/2015,5010.220215,5095.040039,4985.879883,5059.169922,105581800
29/06/2015,4821.450195,4946.620117,4819.029785,4869.819824,171663100
30/06/2015,4849.390137,4892.479980,4789.609863,4790.200195,167742900
01/07/2015,4849.430176,4941.609863,4813.689941,4883.189941,151634100
02/07/2015,4898.549805,4903.509766,4833.140137,4835.560059,100577600
03/07/2015,4836.459961,4847.379883,4780.549805,4808.220215,86776200
06/07/2015,4709.009766,4775.490234,4699.169922,4711.540039,136187400
07/07/2015,4712.629883,4724.540039,4602.160156,4604.640137,163782600
08/07/2015,4611.859863,4671.870117,4601.899902,4639.020020,144187300
09/07/2015,4667.209961,4777.029785,4655.450195,4757.220215,121520700
10/07/2015,4884.049805,4922.629883,4850.939941,4903.069824,139526500
13/07/2015,4985.140137,5010.580078,4959.620117,4998.100098,124421200
14/07/2015,4995.359863,5032.470215,4981.020020,5032.470215,88560800
15/07/2015,5027.910156,5055.600098,5017.830078,5047.240234,93627300
16/07/2015,5071.899902,5147.399902,5067.750000,5121.500000,123015200
17/07/2015,5138.979980,5138.979980,5110.479980,5124.390137,102644300
20/07/2015,5134.160156,5184.740234,5130.970215,5142.490234,79072100
21/07/2015,5153.850098,5157.240234,5093.770020,5106.569824,88546500
22/07/2015,5070.669922,5101.220215,5070.669922,5082.569824,89515800
23/07/2015,5122.850098,5122.850098,5067.819824,5086.740234,76980800
24/07/2015,5075.250000,5120.640137,5051.140137,5057.359863,104074600
27/07/2015,5030.890137,5033.910156,4924.290039,4927.600098,117642300
28/07/2015,4958.459961,4997.149902,4937.649902,4977.319824,111978000
29/07/2015,5006.009766,5021.439941,4970.279785,5017.439941,118376700
30/07/2015,5049.240234,5061.529785,5000.970215,5046.419922,145978900
31/07/2015,5063.470215,5083.640137,5035.379883,5082.609863,121244500
03/08/2015,5076.799805,5125.709961,5066.149902,5120.520020,102330900
04/08/2015,5114.629883,5114.629883,5075.879883,5112.140137,120699400
05/08/2015,5135.310059,5202.759766,5134.370117,5196.729980,122479600
06/08/2015,5186.549805,5217.799805,5177.950195,5192.109863,85599700
07/08/2015,5187.870117,5190.350098,5152.890137,5154.750000,92833800
10/08/2015,5179.839844,5197.649902,5133.629883,5195.410156,75338800
11/08/2015,5184.209961,5184.209961,5094.479980,5099.029785,101544800
12/08/2015,5051.490234,5051.720215,4907.330078,4925.430176,148968600
13/08/2015,5006.009766,5023.939941,4972.580078,4986.850098,95687200
14/08/2015,4987.060059,5017.220215,4940.729980,4956.470215,75630400
17/08/2015,4996.759766,5025.709961,4923.009766,4984.830078,80693900
18/08/2015,4972.790039,5000.279785,4956.120117,4971.250000,67103200
19/08/2015,4939.299805,4949.120117,4884.100098,4884.100098,91668100
20/08/2015,4867.450195,4882.109863,4774.870117,4783.549805,116307600
21/08/2015,4704.270020,4775.720215,4630.990234,4630.990234,156577700
24/08/2015,4465.479980,4540.129883,4230.490234,4383.459961,323292800
25/08/2015,4458.089844,4596.240234,4431.830078,4564.859863,221636500
26/08/2015,4499.229980,4582.209961,4430.750000,4501.049805,156232400
27/08/2015,4612.270020,4686.669922,4589.520020,4658.180176,152983100
28/08/2015,4663.979980,4675.129883,4624.109863,4675.129883,102147900
31/08/2015,4636.439941,4657.759766,4608.620117,4652.950195,90060900
01/09/2015,4586.330078,4599.229980,4499.490234,4541.160156,138326600
02/09/2015,4558.000000,4599.759766,4517.810059,4554.919922,103217500
03/09/2015,4601.750000,4692.299805,4589.979980,4653.790039,135856000
04/09/2015,4607.910156,4611.049805,4500.950195,4523.080078,133313100
07/09/2015,4563.850098,4587.589844,4524.990234,4549.640137,67094800
08/09/2015,4581.660156,4655.080078,4575.609863,4598.259766,99964700
09/09/2015,4707.410156,4733.049805,4662.879883,4664.589844,111082900
10/09/2015,4615.720215,4665.830078,4584.290039,4596.529785,111380500
11/09/2015,4618.589844,4618.589844,4545.140137,4548.720215,97934200
14/09/2015,4554.709961,4596.750000,4513.500000,4518.149902,100294700
15/09/2015,4529.959961,4591.470215,4502.209961,4569.370117,102194600
16/09/2015,4610.160156,4653.339844,4604.080078,4645.839844,99264400
17/09/2015,4660.169922,4665.990234,4629.200195,4655.140137,92433200
18/09/2015,4623.100098,4623.100098,4495.049805,4535.850098,248859900
21/09/2015,4526.279785,4605.259766,4526.279785,4585.500000,103003700
22/09/2015,4582.919922,4582.919922,4415.970215,4428.509766,158626000
23/09/2015,4427.790039,4488.270020,4400.419922,4432.830078,143884400
24/09/2015,4434.700195,4455.049805,4309.419922,4347.240234,172337200
25/09/2015,4423.120117,4514.419922,4413.709961,4480.660156,134147500
28/09/2015,4452.240234,4470.069824,4337.279785,4357.049805,134411100
29/09/2015,4297.189941,4377.220215,4278.569824,4343.729980,148574600
30/09/2015,4433.759766,4474.720215,4413.080078,4455.290039,160356000
01/10/2015,4518.029785,4528.160156,4408.120117,4426.540039,149269600
02/10/2015,4472.500000,4518.390137,4386.100098,4458.879883,143984300
05/10/2015,4543.069824,4631.839844,4528.020020,4616.899902,142138000
06/10/2015,4610.430176,4684.790039,4589.290039,4660.640137,137140900
07/10/2015,4680.850098,4730.299805,4654.279785,4667.339844,154754500
08/10/2015,4657.240234,4687.189941,4643.919922,4675.910156,109749100
09/10/2015,4723.279785,4737.689941,4693.250000,4701.390137,129585900
12/10/2015,4705.220215,4713.410156,4663.339844,4688.700195,96002100
13/10/2015,4667.509766,4667.509766,4598.109863,4643.379883,116870400
14/10/2015,4608.419922,4660.430176,4580.839844,4609.029785,117314200
15/10/2015,4651.770020,4683.750000,4622.450195,4675.290039,113311300
16/10/2015,4702.560059,4718.910156,4680.220215,4702.790039,108928800
19/10/2015,4697.520020,4744.970215,4684.520020,4704.069824,88461400
20/10/2015,4708.189941,4711.950195,4649.979980,4673.810059,93237900
21/10/2015,4691.370117,4716.569824,4642.939941,4695.100098,104452800
22/10/2015,4675.149902,4816.990234,4670.100098,4802.180176,154484900
23/10/2015,4840.319824,4947.020020,4840.319824,4923.640137,168459100
26/10/2015,4908.330078,4924.240234,4881.049805,4897.129883,98118000
27/10/2015,4885.089844,4896.459961,4847.069824,4847.069824,110995600
28/10/2015,4857.850098,4907.839844,4848.500000,4890.580078,110846300
29/10/2015,4892.879883,4899.839844,4841.390137,4885.819824,188704100
30/10/2015,4895.029785,4909.160156,4865.160156,4897.660156,122869800
02/11/2015,4848.859863,4936.850098,4845.120117,4916.209961,113864200
03/11/2015,4920.020020,4936.180176,4895.839844,4936.180176,106982700
04/11/2015,4951.189941,4992.970215,4942.080078,4948.290039,141136400
05/11/2015,4967.939941,5008.060059,4935.220215,4980.040039,174743800
06/11/2015,4964.879883,5011.649902,4930.919922,4984.149902,150861200
09/11/2015,4978.839844,4983.770020,4906.479980,4911.169922,101330800
10/11/2015,4937.370117,4942.620117,4873.450195,4912.160156,112797400
11/11/2015,4919.100098,4973.899902,4917.089844,4952.509766,116077400
12/11/2015,4941.259766,4963.379883,4851.040039,4856.649902,122599900
13/11/2015,4835.689941,4860.529785,4762.330078,4807.950195,114037800
16/11/2015,4756.919922,4824.020020,4751.029785,4804.310059,108609700
17/11/2015,4850.290039,4937.310059,4840.750000,4937.310059,119347400
18/11/2015,4901.120117,4918.140137,4879.359863,4906.720215,97351700
20/11/2015,4929.339844,4934.290039,4879.490234,4910.970215,114731300
23/11/2015,4901.680176,4905.330078,4860.729980,4889.120117,96366200
24/11/2015,4863.810059,4865.419922,4773.979980,4820.279785,115225800
25/11/2015,4830.220215,4911.830078,4821.509766,4892.990234,116198900
27/11/2015,4919.009766,4961.450195,4908.899902,4930.140137,73739100
30/11/2015,4917.149902,4974.359863,4901.290039,4957.600098,113125600
01/12/2015,4960.379883,4968.310059,4897.870117,4914.529785,127971100
02/12/2015,4925.240234,4942.120117,4886.859863,4905.759766,135040300
03/12/2015,4895.640137,4975.709961,4730.209961,4730.209961,204118500
04/12/2015,4715.689941,4740.470215,4670.990234,4714.790039,158222700
07/12/2015,4746.259766,4803.479980,4733.339844,4756.410156,103508000
08/12/2015,4750.419922,4757.200195,4656.560059,4681.859863,145488000
09/12/2015,4695.899902,4714.640137,4619.490234,4637.450195,171226800
10/12/2015,4617.540039,4661.040039,4596.339844,4635.060059,139944600
11/12/2015,4617.180176,4630.270020,4527.259766,4549.560059,151768100
14/12/2015,4572.370117,4623.160156,4472.649902,4473.069824,154702400
15/12/2015,4522.470215,4626.759766,4519.959961,4614.399902,165804900
16/12/2015,4621.470215,4664.200195,4593.919922,4624.669922,132766800
17/12/2015,4729.399902,4748.759766,4674.580078,4677.540039,148504100
18/12/2015,4629.560059,4672.350098,4601.390137,4625.259766,221520200
21/12/2015,4617.200195,4666.490234,4565.169922,4565.169922,114513000
22/12/2015,4596.549805,4604.790039,4526.859863,4567.600098,85380100
23/12/2015,4614.250000,4686.089844,4614.250000,4674.529785,101333700
24/12/2015,4670.859863,4671.680176,4651.439941,4663.180176,16313800
28/12/2015,4667.029785,4669.839844,4613.779785,4617.950195,44645300
29/12/2015,4648.790039,4701.359863,4648.790039,4701.359863,62749700
30/12/2015,4690.310059,4708.319824,4672.259766,4677.140137,56083400
04/01/2016,4582.049805,4586.109863,4490.299805,4522.450195,130633900
05/01/2016,4573.540039,4575.450195,4481.700195,4537.629883,104182900
06/01/2016,4528.120117,4533.240234,4440.770020,4480.470215,104877300
07/01/2016,4346.100098,4424.140137,4323.549805,4403.580078,137701000
08/01/2016,4404.180176,4437.020020,4333.740234,4333.759766,124197200
11/01/2016,4333.209961,4383.919922,4312.740234,4312.740234,107025000
12/01/2016,4317.490234,4429.040039,4305.770020,4378.750000,123293200
13/01/2016,4426.759766,4465.560059,4374.020020,4391.939941,111469800
14/01/2016,4341.359863,4352.149902,4234.839844,4312.890137,166010000
15/01/2016,4305.439941,4319.470215,4178.870117,4210.160156,176801800
18/01/2016,4211.109863,4254.459961,4161.370117,4189.569824,126059700
19/01/2016,4267.770020,4308.089844,4251.529785,4272.259766,130260700
20/01/2016,4171.430176,4178.819824,4084.679932,4124.950195,156074200
21/01/2016,4129.700195,4234.649902,4113.580078,4206.399902,166740100
22/01/2016,4293.259766,4371.649902,4280.950195,4336.689941,154178800
25/01/2016,4365.149902,4365.149902,4291.859863,4311.330078,119945600
26/01/2016,4238.850098,4366.649902,4224.450195,4356.810059,127614400
27/01/2016,4349.790039,4380.359863,4319.359863,4380.359863,113439600
28/01/2016,4362.549805,4403.680176,4284.379883,4322.160156,145439700
29/01/2016,4386.850098,4417.020020,4340.189941,4417.020020,148804300
01/02/2016,4418.140137,4422.609863,4350.089844,4392.330078,106985100
02/02/2016,4368.919922,4377.569824,4253.509766,4283.990234,127965300
03/02/2016,4282.410156,4294.410156,4177.970215,4226.959961,152722600
04/02/2016,4276.169922,4279.120117,4176.479980,4228.529785,158951600
05/02/2016,4236.069824,4269.470215,4187.970215,4200.669922,179204000
08/02/2016,4217.450195,4220.850098,4046.639893,4066.310059,165143900
09/02/2016,4072.320068,4091.879883,3951.290039,3997.540039,192219900
10/02/2016,4027.080078,4115.169922,3987.489990,4061.199951,154266800
11/02/2016,3990.330078,3998.100098,3892.459961,3896.709961,186961400
12/02/2016,3949.159912,3995.060059,3922.709961,3995.060059,157391500
15/02/2016,4086.290039,4144.810059,4076.810059,4115.250000,123815300
16/02/2016,4157.299805,4157.299805,4086.830078,4110.660156,125207000
17/02/2016,4119.350098,4238.330078,4112.040039,4233.470215,154374300
18/02/2016,4255.069824,4279.189941,4212.589844,4239.759766,129413300
19/02/2016,4232.220215,4255.569824,4182.330078,4223.040039,115689200
22/02/2016,4260.620117,4303.899902,4259.259766,4298.700195,104477100
23/02/2016,4272.220215,4301.919922,4236.950195,4238.419922,100778200
24/02/2016,4232.479980,4233.299805,4117.490234,4155.339844,130494900
25/02/2016,4219.799805,4268.660156,4198.089844,4248.450195,130635500
26/02/2016,4297.870117,4352.390137,4292.520020,4314.569824,117629300
29/02/2016,4275.839844,4354.620117,4254.770020,4353.549805,122273800
01/03/2016,4343.930176,4406.950195,4328.799805,4406.839844,123159300
02/03/2016,4428.950195,4448.299805,4387.209961,4424.890137,120925400
03/03/2016,4430.899902,4430.899902,4392.580078,4416.080078,116721600
04/03/2016,4437.819824,4480.209961,4413.930176,4456.620117,132614700
07/03/2016,4436.370117,4458.819824,4406.899902,4442.290039,121147100
08/03/2016,4405.160156,4437.169922,4363.549805,4404.020020,109238900
09/03/2016,4405.950195,4458.770020,4397.979980,4425.649902,116109800
10/03/2016,4432.560059,4580.970215,4350.350098,4350.350098,175255300
11/03/2016,4430.240234,4492.790039,4421.950195,4492.790039,149823700
14/03/2016,4501.810059,4535.910156,4494.600098,4506.589844,125097000
15/03/2016,4474.259766,4488.779785,4450.160156,4472.629883,115811100
16/03/2016,4486.700195,4502.959961,4446.990234,4463.000000,105409600
17/03/2016,4501.680176,4501.680176,4367.439941,4442.890137,149291500
18/03/2016,4452.040039,4472.729980,4418.490234,4462.509766,259017000
21/03/2016,4425.839844,4481.109863,4415.930176,4427.799805,90434900
22/03/2016,4396.870117,4431.970215,4358.569824,4431.970215,113288300
23/03/2016,4442.589844,4467.859863,4396.100098,4423.979980,97919500
24/03/2016,4390.109863,4392.810059,4323.180176,4329.680176,109844400
29/03/2016,4354.029785,4382.979980,4333.330078,4366.669922,80842200
30/03/2016,4387.359863,4466.500000,4387.359863,4444.419922,100793300
31/03/2016,4416.839844,4419.620117,4378.770020,4385.060059,110982200
01/04/2016,4331.279785,4331.279785,4261.250000,4322.240234,139045500
04/04/2016,4311.189941,4378.049805,4280.899902,4345.220215,106194400
05/04/2016,4283.140137,4285.729980,4241.609863,4250.279785,131198900
06/04/2016,4262.299805,4284.640137,4243.020020,4284.640137,106043100
07/04/2016,4288.709961,4316.779785,4229.120117,4245.910156,98335800
08/04/2016,4259.100098,4315.589844,4258.509766,4303.120117,100861900
11/04/2016,4294.120117,4338.810059,4263.080078,4312.629883,103360100
12/04/2016,4317.500000,4348.399902,4269.100098,4345.910156,121266000
13/04/2016,4407.029785,4490.310059,4404.580078,4490.310059,154790600
14/04/2016,4487.220215,4515.000000,4473.350098,4511.509766,125164800
15/04/2016,4502.160156,4508.160156,4482.330078,4495.169922,110271800
18/04/2016,4425.250000,4517.080078,4424.759766,4506.839844,92413600
19/04/2016,4521.600098,4577.870117,4521.600098,4566.479980,115227500
20/04/2016,4546.350098,4596.330078,4538.430176,4591.919922,115806900
21/04/2016,4607.689941,4607.689941,4551.330078,4582.830078,124963900
22/04/2016,4578.819824,4580.520020,4553.589844,4569.660156,100028400
25/04/2016,4561.919922,4574.459961,4522.229980,4546.120117,87927900
26/04/2016,4557.000000,4579.120117,4515.399902,4533.180176,100430500
27/04/2016,4534.990234,4564.700195,4525.790039,4559.399902,106492200
28/04/2016,4520.250000,4557.359863,4482.370117,4557.359863,111361900
29/04/2016,4500.430176,4508.830078,4428.589844,4428.959961,128212700
02/05/2016,4455.759766,4458.740234,4429.470215,4442.750000,63246300
03/05/2016,4435.000000,4437.649902,4364.009766,4371.979980,107768800
04/05/2016,4365.200195,4387.750000,4317.279785,4324.229980,116952000
05/05/2016,4321.359863,4346.200195,4303.250000,4319.459961,79774300
06/05/2016,4290.410156,4311.490234,4245.169922,4301.240234,111464700
09/05/2016,4322.689941,4363.560059,4302.959961,4322.810059,112215100
10/05/2016,4338.049805,4374.750000,4320.290039,4338.209961,104155500
11/05/2016,4335.140137,4340.580078,4289.379883,4316.669922,93288200
12/05/2016,4295.740234,4361.879883,4266.959961,4293.270020,103302300
13/05/2016,4264.770020,4335.149902,4253.129883,4319.990234,99597300
16/05/2016,4290.649902,4316.279785,4269.629883,4312.279785,48829700
17/05/2016,4325.109863,4362.330078,4273.859863,4297.569824,101426100
18/05/2016,4275.390137,4322.229980,4267.709961,4319.299805,87238900
19/05/2016,4292.250000,4314.229980,4274.569824,4282.540039,101435500
20/05/2016,4323.620117,4353.899902,4312.500000,4353.899902,109632000
23/05/2016,4344.890137,4357.080078,4300.180176,4325.100098,78807700
24/05/2016,4309.299805,4440.649902,4300.419922,4431.520020,104153000
25/05/2016,4457.850098,4490.169922,4445.790039,4481.640137,107680300
26/05/2016,4478.169922,4513.770020,4477.020020,4512.640137,103885200
27/05/2016,4498.430176,4518.220215,4493.060059,4514.740234,85290900
30/05/2016,4507.089844,4531.180176,4503.520020,4529.399902,39995000
31/05/2016,4532.319824,4536.629883,4496.859863,4505.620117,122220900
01/06/2016,4502.839844,4507.220215,4458.299805,4475.390137,92411400
02/06/2016,4468.839844,4486.560059,4447.620117,4466.000000,93613500
03/06/2016,4477.830078,4492.200195,4396.629883,4421.779785,111642400
06/06/2016,4407.009766,4435.629883,4407.009766,4423.379883,73061400
07/06/2016,4443.410156,4486.470215,4441.209961,4475.859863,96308900
08/06/2016,4461.279785,4473.290039,4435.350098,4448.729980,93531800
09/06/2016,4437.020020,4438.379883,4394.520020,4405.609863,95370600
10/06/2016,4390.810059,4390.810059,4301.100098,4306.720215,119451700
13/06/2016,4253.979980,4275.970215,4227.020020,4227.020020,115884600
14/06/2016,4175.209961,4199.540039,4127.870117,4130.330078,136119700
15/06/2016,4172.729980,4204.009766,4162.020020,4171.580078,122586800
16/06/2016,4116.500000,4162.370117,4109.819824,4153.009766,117520700
17/06/2016,4179.439941,4218.529785,4170.169922,4193.830078,196645100
20/06/2016,4301.189941,4351.209961,4292.919922,4340.759766,114524100
21/06/2016,4335.890137,4382.910156,4321.459961,4367.240234,99917600
22/06/2016,4398.399902,4416.979980,4372.350098,4380.029785,92072300
23/06/2016,4404.680176,4490.549805,4392.520020,4465.899902,124533400
24/06/2016,4114.580078,4198.899902,4007.969971,4106.729980,415775700
27/06/2016,4073.719971,4115.470215,4012.179932,4030.280029,130042900
28/06/2016,4074.360107,4119.080078,4059.899902,4088.850098,179309200
29/06/2016,4139.370117,4206.350098,4128.080078,4195.319824,142748500
30/06/2016,4182.109863,4249.529785,4155.450195,4237.479980,146298700
01/07/2016,4261.089844,4288.720215,4218.100098,4273.959961,116072800
04/07/2016,4288.500000,4288.660156,4233.000000,4234.859863,74903000
05/07/2016,4203.970215,4216.060059,4148.790039,4163.419922,111925400
06/07/2016,4127.200195,4153.410156,4062.070068,4085.300049,138773700
07/07/2016,4115.500000,4167.879883,4110.240234,4117.850098,99510400
08/07/2016,4106.649902,4210.339844,4102.680176,4190.680176,112231900
11/07/2016,4221.220215,4271.709961,4207.370117,4264.529785,93378500
12/07/2016,4272.450195,4342.669922,4270.990234,4331.379883,129060400
13/07/2016,4329.529785,4358.669922,4321.899902,4335.259766,116377200
14/07/2016,4375.669922,4402.229980,4345.439941,4385.520020,93281800
15/07/2016,4367.430176,4383.689941,4342.770020,4372.509766,85684600
18/07/2016,4375.089844,4408.129883,4334.359863,4357.740234,70379900
19/07/2016,4345.399902,4357.339844,4304.200195,4330.129883,84731100
20/07/2016,4354.569824,4391.569824,4333.359863,4379.759766,84591000
21/07/2016,4382.160156,4389.899902,4340.939941,4376.250000,89183000
22/07/2016,4365.379883,4398.270020,4345.229980,4381.100098,71605600
25/07/2016,4381.629883,4419.770020,4368.060059,4388.000000,77833000
26/07/2016,4385.319824,4405.660156,4353.620117,4394.770020,88135600
27/07/2016,4424.600098,4469.899902,4424.600098,4446.959961,109101100
28/07/2016,4447.209961,4474.669922,4420.580078,4420.580078,107115100
29/07/2016,4429.490234,4439.810059,4408.379883,4439.810059,124920500
01/08/2016,4469.990234,4477.439941,4395.330078,4409.169922,86698300
02/08/2016,4395.859863,4398.200195,4320.890137,4327.990234,105645700
03/08/2016,4346.310059,4347.939941,4293.339844,4321.080078,101785300
04/08/2016,4344.180176,4359.790039,4324.810059,4345.629883,85093300
05/08/2016,4362.939941,4416.660156,4361.580078,4410.549805,90951100
08/08/2016,4419.020020,4441.160156,4407.319824,4415.459961,70007000
09/08/2016,4412.859863,4468.339844,4410.720215,4468.069824,77065400
10/08/2016,4443.379883,4465.890137,4440.560059,4452.009766,68145500
11/08/2016,4471.299805,4503.950195,4446.459961,4503.950195,68621600
12/08/2016,4501.060059,4510.060059,4490.450195,4500.189941,62472700
15/08/2016,4503.649902,4528.000000,4494.490234,4497.859863,43395900
16/08/2016,4476.069824,4499.589844,4457.250000,4460.439941,75577600
17/08/2016,4475.129883,4478.580078,4415.330078,4417.680176,66460000
18/08/2016,4441.200195,4447.250000,4413.060059,4437.060059,62662600
19/08/2016,4436.089844,4436.870117,4373.750000,4400.520020,74256600
22/08/2016,4397.390137,4443.069824,4377.700195,4389.939941,65669900
23/08/2016,4406.339844,4436.149902,4404.000000,4421.450195,67974600
24/08/2016,4389.169922,4453.729980,4382.709961,4435.470215,66667600
25/08/2016,4414.410156,4415.310059,4377.790039,4406.609863,64056700
26/08/2016,4399.459961,4455.609863,4387.709961,4441.870117,71774700
29/08/2016,4421.459961,4437.819824,4390.040039,4424.250000,48533900
30/08/2016,4439.680176,4475.020020,4438.419922,4457.490234,75965200
31/08/2016,4451.399902,4486.839844,4438.220215,4438.220215,112516300
01/09/2016,4448.029785,4490.910156,4421.970215,4439.669922,107456600
02/09/2016,4461.290039,4548.040039,4446.500000,4542.169922,105485900
05/09/2016,4550.819824,4566.549805,4541.080078,4541.080078,75716900
06/09/2016,4556.350098,4557.950195,4523.439941,4529.959961,71272600
07/09/2016,4536.950195,4561.359863,4520.209961,4557.660156,75442800
08/09/2016,4554.149902,4569.620117,4485.470215,4542.200195,94568300
09/09/2016,4531.419922,4541.759766,4481.089844,4491.399902,90844400
12/09/2016,4415.229980,4439.799805,4386.109863,4439.799805,98367100
13/09/2016,4463.259766,4470.259766,4387.180176,4387.180176,91945600
14/09/2016,4407.450195,4407.479980,4360.950195,4370.259766,107154600
15/09/2016,4357.290039,4381.540039,4341.040039,4373.220215,102309100
16/09/2016,4359.870117,4380.129883,4310.879883,4332.450195,208077200
19/09/2016,4368.850098,4398.970215,4368.850098,4394.189941,80744000
20/09/2016,4383.310059,4419.899902,4375.569824,4388.600098,72813000
21/09/2016,4439.700195,4451.319824,4408.299805,4409.549805,82277500
22/09/2016,4444.500000,4528.890137,4443.669922,4509.819824,112714500
23/09/2016,4494.500000,4498.350098,4476.859863,4488.689941,84998800
26/09/2016,4455.589844,4455.589844,4402.129883,4407.850098,86235100
27/09/2016,4436.000000,4438.589844,4362.930176,4398.680176,91773800
28/09/2016,4413.120117,4460.830078,4413.120117,4432.450195,78464100
29/09/2016,4490.549805,4505.299805,4434.089844,4443.839844,80427600
30/09/2016,4383.700195,4463.390137,4342.640137,4448.259766,123077700
03/10/2016,4447.540039,4465.290039,4432.770020,4453.560059,61707600
04/10/2016,4458.669922,4521.359863,4453.669922,4503.089844,95873900
05/10/2016,4462.720215,4499.379883,4441.250000,4489.950195,98277700
06/10/2016,4500.359863,4511.879883,4470.120117,4480.100098,102183900
07/10/2016,4480.529785,4487.180176,4444.319824,4449.910156,117429400
10/10/2016,4458.069824,4500.459961,4428.729980,4497.259766,87470600
11/10/2016,4490.830078,4520.180176,4469.299805,4471.740234,98600200
12/10/2016,4467.089844,4474.200195,4442.020020,4452.240234,99238700
13/10/2016,4421.810059,4421.810059,4370.649902,4405.169922,106795500
14/10/2016,4424.250000,4497.649902,4424.250000,4470.919922,92119400
17/10/2016,4452.720215,4474.330078,4439.910156,4450.229980,69410300
18/10/2016,4479.680176,4515.609863,4474.839844,4508.910156,90352900
19/10/2016,4513.490234,4528.970215,4495.939941,4520.299805,83323600
20/10/2016,4528.660156,4552.240234,4500.649902,4540.120117,96874000
21/10/2016,4546.649902,4555.109863,4517.799805,4536.069824,104200100
24/10/2016,4551.729980,4579.279785,4551.729980,4552.580078,83826400
25/10/2016,4560.459961,4570.629883,4528.029785,4540.839844,91091900
26/10/2016,4523.959961,4539.069824,4496.970215,4534.589844,89958800
27/10/2016,4526.339844,4556.740234,4502.549805,4533.569824,99701500
28/10/2016,4515.250000,4554.350098,4504.500000,4548.580078,96304300
31/10/2016,4525.600098,4540.259766,4500.189941,4509.259766,88366600
01/11/2016,4532.339844,4537.990234,4460.540039,4470.279785,79346900
02/11/2016,4437.990234,4449.439941,4414.669922,4414.669922,96987600
03/11/2016,4402.790039,4456.209961,4399.290039,4411.680176,101390600
04/11/2016,4403.160156,4403.640137,4355.810059,4377.459961,101731700
07/11/2016,4440.109863,4464.229980,4430.129883,4461.209961,89701700
08/11/2016,4454.580078,4482.589844,4446.390137,4476.890137,116289200
09/11/2016,4350.069824,4543.479980,4344.879883,4543.479980,204613400
10/11/2016,4577.009766,4606.660156,4502.740234,4530.950195,225207100
11/11/2016,4545.049805,4553.790039,4473.350098,4489.270020,124797200
14/11/2016,4528.049805,4560.879883,4492.029785,4508.549805,132886300
15/11/2016,4524.979980,4541.459961,4504.350098,4536.529785,112077800
16/11/2016,4545.890137,4548.830078,4479.939941,4501.140137,102195100
17/11/2016,4494.529785,4527.770020,4482.580078,4527.770020,88436200
18/11/2016,4547.049805,4551.629883,4496.740234,4504.350098,106645000
21/11/2016,4525.459961,4540.899902,4479.689941,4529.580078,84146400
22/11/2016,4561.700195,4571.790039,4541.580078,4548.350098,125792600
23/11/2016,4557.930176,4559.209961,4509.020020,4529.209961,102199800
24/11/2016,4537.270020,4552.040039,4520.490234,4542.560059,57005200
25/11/2016,4548.850098,4555.470215,4524.339844,4550.270020,64855700
28/11/2016,4544.089844,4545.140137,4499.200195,4510.390137,82981500
29/11/2016,4506.910156,4551.459961,4494.370117,4551.459961,89267600
30/11/2016,4548.979980,4597.540039,4547.580078,4578.339844,143644100
01/12/2016,4571.200195,4582.830078,4541.020020,4560.609863,111644600
02/12/2016,4527.839844,4545.250000,4490.149902,4528.819824,102067200
05/12/2016,4506.660156,4605.560059,4502.200195,4574.319824,111540300
06/12/2016,4576.870117,4639.910156,4558.899902,4631.939941,122977200
07/12/2016,4676.609863,4694.720215,4658.729980,4694.720215,141483500
08/12/2016,4709.890137,4748.509766,4688.580078,4735.479980,149634900
09/12/2016,4741.100098,4780.520020,4737.379883,4764.069824,121620200
12/12/2016,4769.839844,4780.950195,4754.149902,4760.770020,98372500
13/12/2016,4754.220215,4807.879883,4746.549805,4803.870117,110469000
14/12/2016,4778.959961,4790.629883,4765.009766,4769.240234,109393800
15/12/2016,4776.830078,4830.299805,4776.330078,4819.229980,141188300
16/12/2016,4815.350098,4856.959961,4804.700195,4833.270020,206338400
19/12/2016,4820.490234,4829.549805,4812.080078,4822.770020,94842000
20/12/2016,4822.299805,4852.580078,4815.229980,4849.890137,87772700
21/12/2016,4831.560059,4851.520020,4821.240234,4833.819824,66626600
22/12/2016,4825.149902,4841.649902,4818.810059,4834.629883,65716200
23/12/2016,4837.410156,4844.799805,4825.930176,4839.680176,48362600
27/12/2016,4840.169922,4852.549805,4837.000000,4848.279785,35125700
28/12/2016,4846.140137,4851.509766,4840.140137,4848.009766,49371200
29/12/2016,4824.750000,4845.669922,4822.290039,4838.470215,45150100
30/12/2016,4837.680176,4864.290039,4825.140137,4862.310059,53055000
02/01/2017,4845.959961,4896.009766,4843.930176,4882.379883,34310400
03/01/2017,4904.770020,4929.600098,4896.109863,4899.330078,82609500
04/01/2017,4912.950195,4913.939941,4879.229980,4899.399902,77276800
05/01/2017,4881.720215,4905.839844,4874.790039,4900.640137,88092000
06/01/2017,4885.189941,4911.490234,4874.419922,4909.839844,73709000
09/01/2017,4915.350098,4915.600098,4867.830078,4887.569824,72709600
10/01/2017,4894.450195,4906.149902,4868.500000,4888.229980,92809300
11/01/2017,4890.040039,4916.479980,4856.500000,4888.709961,99652700
12/01/2017,4873.009766,4889.209961,4857.439941,4863.970215,99417200
13/01/2017,4889.450195,4924.580078,4883.060059,4922.490234,106285900
16/01/2017,4883.430176,4911.390137,4879.799805,4882.180176,71928500
17/01/2017,4865.189941,4889.160156,4841.680176,4859.689941,87737000
18/01/2017,4874.310059,4875.740234,4827.109863,4853.399902,88911500
19/01/2017,4859.759766,4867.580078,4829.819824,4841.140137,95638900
20/01/2017,4834.299805,4869.379883,4818.879883,4850.669922,117756800
23/01/2017,4816.979980,4842.970215,4800.390137,4821.410156,78546600
24/01/2017,4831.950195,4840.500000,4816.729980,4830.029785,87954000
25/01/2017,4865.089844,4890.160156,4854.549805,4877.669922,114294300
26/01/2017,4891.859863,4901.069824,4855.759766,4867.240234,94017900
27/01/2017,4867.310059,4867.310059,4829.700195,4839.979980,79429000
30/01/2017,4823.500000,4830.689941,4771.979980,4784.640137,83384600
31/01/2017,4790.279785,4812.549805,4748.899902,4748.899902,98487800
01/02/2017,4786.850098,4823.810059,4782.609863,4794.580078,97905700
02/02/2017,4785.140137,4812.310059,4774.180176,4794.290039,98607300
03/02/2017,4808.459961,4847.470215,4803.910156,4825.419922,80815700
06/02/2017,4829.680176,4841.169922,4773.350098,4778.080078,76878800
07/02/2017,4762.169922,4787.939941,4750.029785,4754.470215,83945400
08/02/2017,4768.000000,4790.290039,4733.819824,4766.600098,102120800
09/02/2017,4793.009766,4831.310059,4769.859863,4826.240234,100798200
10/02/2017,4842.910156,4845.450195,4815.669922,4828.319824,122653200
13/02/2017,4844.220215,4906.709961,4841.600098,4888.189941,102000800
14/02/2017,4887.229980,4897.890137,4878.790039,4895.819824,95785900
15/02/2017,4910.569824,4932.350098,4902.160156,4924.859863,96447600
16/02/2017,4925.540039,4928.250000,4890.479980,4899.459961,91475500
17/02/2017,4896.970215,4903.160156,4843.009766,4867.580078,102966800
20/02/2017,4894.250000,4901.410156,4856.120117,4864.990234,68415900
21/02/2017,4865.890137,4900.379883,4849.910156,4888.759766,83739300
22/02/2017,4899.649902,4922.640137,4866.120117,4895.879883,99237500
23/02/2017,4900.799805,4916.439941,4880.490234,4891.290039,107821600
24/02/2017,4886.509766,4890.109863,4806.490234,4845.240234,117178100
27/02/2017,4864.129883,4869.509766,4833.770020,4845.180176,89282400
28/02/2017,4862.649902,4865.950195,4836.529785,4858.580078,96712700
01/03/2017,4897.479980,4970.640137,4897.479980,4960.830078,120246400
02/03/2017,4965.270020,4972.879883,4955.410156,4963.799805,106837200
03/03/2017,4953.299805,5002.319824,4948.720215,4995.129883,105338700
06/03/2017,4983.959961,4985.240234,4960.259766,4972.189941,90426900
07/03/2017,4974.790039,4974.790039,4941.259766,4955.000000,79830000
08/03/2017,4941.180176,4976.040039,4933.770020,4960.479980,82332500
09/03/2017,4950.529785,4988.629883,4939.870117,4981.509766,114473500
10/03/2017,4994.000000,5022.100098,4990.149902,4993.319824,103802900
13/03/2017,4997.879883,5013.080078,4986.060059,4999.600098,84024800
14/03/2017,5006.049805,5006.049805,4958.879883,4974.259766,91792700
15/03/2017,4980.049805,4989.299805,4966.049805,4985.479980,81890200
16/03/2017,5027.100098,5031.569824,5004.620117,5013.379883,113121800
17/03/2017,5006.709961,5037.850098,5001.390137,5029.240234,160166500
20/03/2017,5008.080078,5030.060059,5004.080078,5012.160156,64225900
21/03/2017,5030.200195,5054.910156,4990.640137,5002.430176,93549600
22/03/2017,4969.109863,5005.060059,4953.569824,4994.700195,99409000
23/03/2017,4996.620117,5032.939941,4980.560059,5032.759766,89305600
24/03/2017,5027.189941,5027.189941,5003.580078,5020.899902,68967900
27/03/2017,4975.089844,5017.879883,4971.069824,5017.430176,94079200
28/03/2017,5027.129883,5048.109863,5008.669922,5046.200195,85350200
29/03/2017,5063.700195,5073.229980,5044.419922,5069.040039,86407300
30/03/2017,5075.609863,5090.919922,5063.069824,5089.640137,73882900
31/03/2017,5077.299805,5122.509766,5067.740234,5122.509766,103369500
03/04/2017,5130.180176,5132.930176,5083.140137,5085.910156,81634900
04/04/2017,5087.600098,5101.129883,5076.350098,5101.129883,84044500
05/04/2017,5104.709961,5123.779785,5087.680176,5091.850098,84135600
06/04/2017,5063.620117,5126.740234,5051.609863,5121.439941,88623600
07/04/2017,5104.729980,5135.279785,5098.049805,5135.279785,84781300
10/04/2017,5127.359863,5127.359863,5097.560059,5107.450195,70156500
11/04/2017,5086.609863,5119.180176,5068.250000,5101.859863,93608500
12/04/2017,5114.500000,5142.810059,5093.979980,5101.109863,100135100
13/04/2017,5090.479980,5090.479980,5062.319824,5071.100098,97291600
18/04/2017,5078.250000,5080.029785,4990.250000,4990.250000,140164900
19/04/2017,4987.290039,5011.330078,4980.410156,5003.729980,112517100
20/04/2017,4992.470215,5093.600098,4989.259766,5077.910156,134681300
21/04/2017,5063.359863,5081.609863,5029.060059,5059.200195,165386200
24/04/2017,5267.879883,5295.470215,5228.540039,5268.850098,228792800
25/04/2017,5274.359863,5293.390137,5259.629883,5277.879883,115584900
26/04/2017,5272.859863,5296.520020,5270.319824,5287.879883,120017900
27/04/2017,5276.970215,5278.959961,5261.729980,5271.700195,113942900
28/04/2017,5267.660156,5287.850098,5265.359863,5267.330078,122645300
02/05/2017,5284.879883,5305.950195,5274.290039,5304.149902,104617800
03/05/2017,5299.740234,5301.609863,5282.450195,5301.000000,97848100
04/05/2017,5309.390137,5372.419922,5304.459961,5372.419922,152534000
05/05/2017,5344.919922,5432.399902,5343.020020,5432.399902,138533800
08/05/2017,5442.100098,5442.100098,5374.200195,5382.950195,116136600
09/05/2017,5404.140137,5413.600098,5394.129883,5398.009766,103174700
10/05/2017,5398.810059,5402.339844,5377.750000,5400.459961,100058200
11/05/2017,5409.899902,5409.990234,5356.410156,5383.419922,124960400
12/05/2017,5386.790039,5405.419922,5375.479980,5405.419922,158409000
15/05/2017,5411.270020,5417.399902,5384.540039,5417.399902,97533000
16/05/2017,5398.149902,5417.169922,5389.870117,5406.100098,95519900
17/05/2017,5375.839844,5394.879883,5297.430176,5317.890137,118949500
18/05/2017,5309.910156,5322.700195,5238.509766,5289.729980,124719100
19/05/2017,5299.399902,5334.450195,5292.120117,5324.399902,108705400
22/05/2017,5335.120117,5339.410156,5315.229980,5322.879883,73526700
23/05/2017,5317.120117,5368.879883,5314.479980,5348.160156,85536300
24/05/2017,5336.979980,5353.009766,5326.589844,5341.339844,79667800
25/05/2017,5360.970215,5366.700195,5323.109863,5337.160156,66254500
26/05/2017,5328.859863,5336.759766,5282.419922,5336.640137,76926600
29/05/2017,5327.729980,5335.779785,5316.689941,5332.470215,43001700
30/05/2017,5291.080078,5309.359863,5273.560059,5305.939941,78126400
31/05/2017,5306.209961,5334.569824,5283.629883,5283.629883,143676300
01/06/2017,5290.839844,5327.600098,5287.990234,5318.669922,84194600
02/06/2017,5347.859863,5372.970215,5328.189941,5343.410156,95624300
05/06/2017,5337.109863,5343.790039,5299.759766,5307.890137,48932000
06/06/2017,5280.200195,5296.419922,5260.950195,5269.220215,79880200
07/06/2017,5261.419922,5320.040039,5254.029785,5265.529785,94213100
08/06/2017,5264.689941,5290.500000,5250.680176,5264.240234,85052500
09/06/2017,5275.990234,5320.169922,5266.830078,5299.709961,79889400
12/06/2017,5282.580078,5286.100098,5233.689941,5240.589844,85538800
13/06/2017,5254.140137,5273.870117,5248.290039,5261.740234,72390200
14/06/2017,5283.600098,5314.959961,5243.290039,5243.290039,97019900
15/06/2017,5235.359863,5235.879883,5176.669922,5216.879883,118313500
16/06/2017,5243.529785,5273.680176,5236.000000,5263.310059,164098100
19/06/2017,5305.220215,5331.319824,5302.049805,5310.720215,77527800
20/06/2017,5330.580078,5339.549805,5293.649902,5293.649902,81245800
21/06/2017,5273.000000,5286.060059,5224.049805,5274.259766,83179900
22/06/2017,5258.680176,5286.459961,5237.330078,5281.930176,80688900
23/06/2017,5273.240234,5283.879883,5247.520020,5266.120117,66693700
26/06/2017,5295.040039,5323.729980,5289.560059,5295.750000,67071900
27/06/2017,5282.870117,5284.959961,5237.669922,5258.580078,90277800
28/06/2017,5235.830078,5273.950195,5203.899902,5252.899902,96381000
29/06/2017,5268.229980,5272.939941,5143.819824,5154.350098,114605600
30/06/2017,5157.589844,5192.390137,5117.229980,5120.680176,97126700
03/07/2017,5151.189941,5200.729980,5151.189941,5195.720215,76373400
04/07/2017,5170.540039,5197.810059,5165.859863,5174.899902,56279100
05/07/2017,5174.790039,5192.509766,5160.859863,5180.100098,85258200
06/07/2017,5177.209961,5177.620117,5111.160156,5152.399902,91164900
07/07/2017,5149.790039,5155.419922,5125.990234,5145.160156,74708800
10/07/2017,5160.700195,5179.339844,5147.669922,5165.640137,60989800
11/07/2017,5172.029785,5186.439941,5135.950195,5140.600098,64875700
12/07/2017,5158.229980,5239.020020,5157.839844,5222.129883,83513800
13/07/2017,5228.930176,5259.470215,5221.580078,5235.399902,75719800
14/07/2017,5246.200195,5246.779785,5215.979980,5235.310059,60089700
17/07/2017,5238.410156,5246.229980,5214.310059,5230.169922,53978000
18/07/2017,5219.669922,5233.149902,5164.629883,5173.270020,75790200
19/07/2017,5196.129883,5218.990234,5174.290039,5216.069824,69296400
20/07/2017,5239.459961,5251.250000,5177.729980,5199.220215,78772300
21/07/2017,5188.919922,5208.850098,5095.120117,5117.660156,106403800
25/07/2017,5130.529785,5193.189941,5130.529785,5161.080078,91159700
26/07/2017,5162.240234,5208.330078,5158.790039,5190.169922,79110400
27/07/2017,5181.149902,5218.560059,5172.779785,5186.950195,99460800
28/07/2017,5144.029785,5144.029785,5105.720215,5131.390137,99859600
31/07/2017,5127.629883,5148.149902,5092.140137,5093.770020,87612000
01/08/2017,5116.899902,5148.490234,5087.379883,5127.029785,75327900
02/08/2017,5122.379883,5135.140137,5094.640137,5107.250000,82005400
03/08/2017,5097.140137,5142.910156,5084.200195,5130.490234,71167300
04/08/2017,5122.399902,5216.399902,5118.609863,5203.439941,78567600
07/08/2017,5210.729980,5220.589844,5195.259766,5207.890137,63788300
08/08/2017,5200.200195,5231.649902,5191.379883,5218.890137,62058600
09/08/2017,5182.049805,5183.370117,5122.500000,5145.700195,84579800
10/08/2017,5140.990234,5148.470215,5096.189941,5115.229980,71793700
11/08/2017,5081.919922,5086.060059,5046.750000,5060.919922,86172400
14/08/2017,5082.870117,5136.189941,5080.009766,5121.669922,57283400
15/08/2017,5141.020020,5158.500000,5123.970215,5140.250000,48077600
16/08/2017,5159.100098,5200.160156,5159.100098,5176.609863,55940500
17/08/2017,5164.540039,5180.259766,5137.419922,5146.850098,64545000
18/08/2017,5103.470215,5117.040039,5074.450195,5114.149902,73461700
21/08/2017,5091.310059,5105.939941,5066.189941,5087.589844,59101700
22/08/2017,5112.129883,5137.540039,5101.680176,5131.859863,57269900
23/08/2017,5125.029785,5149.080078,5105.549805,5115.390137,58660400
24/08/2017,5127.709961,5136.299805,5111.859863,5113.129883,55558700
25/08/2017,5121.479980,5141.049805,5098.509766,5104.330078,57203600
28/08/2017,5076.470215,5106.250000,5066.009766,5079.750000,37172200
29/08/2017,5035.379883,5041.890137,4995.069824,5031.919922,83662800
30/08/2017,5063.240234,5069.120117,5046.069824,5056.339844,61690100
31/08/2017,5083.120117,5104.779785,5068.439941,5085.589844,108192000
01/09/2017,5117.189941,5138.419922,5115.950195,5123.259766,75774600
04/09/2017,5088.279785,5114.700195,5088.279785,5103.970215,44171300
05/09/2017,5107.189941,5125.799805,5081.080078,5086.560059,72150200
06/09/2017,5054.319824,5114.290039,5050.089844,5101.410156,173147800
07/09/2017,5118.839844,5148.060059,5103.149902,5114.620117,84862300
08/09/2017,5099.310059,5117.890137,5086.509766,5113.490234,84096300
11/09/2017,5145.779785,5180.250000,5145.779785,5176.709961,76915100
12/09/2017,5192.750000,5219.080078,5184.470215,5209.009766,79355100
13/09/2017,5205.209961,5227.000000,5200.209961,5217.589844,86353100
14/09/2017,5205.180176,5233.540039,5201.649902,5225.200195,79396000
15/09/2017,5220.890137,5237.169922,5201.970215,5213.910156,259691200
18/09/2017,5231.990234,5239.879883,5221.560059,5229.319824,61537100
19/09/2017,5223.290039,5238.290039,5219.709961,5237.439941,66921900
20/09/2017,5230.509766,5248.790039,5230.020020,5241.660156,65750000
21/09/2017,5259.020020,5275.419922,5257.439941,5267.290039,84829300
22/09/2017,5277.390137,5295.930176,5271.879883,5281.290039,71447900
25/09/2017,5267.990234,5286.830078,5260.459961,5267.129883,64221800
26/09/2017,5263.950195,5274.580078,5255.109863,5268.759766,70839200
27/09/2017,5281.299805,5289.890137,5272.319824,5281.959961,74049900
28/09/2017,5286.049805,5295.270020,5279.100098,5293.770020,67809900
29/09/2017,5297.419922,5329.810059,5284.740234,5329.810059,85230900
02/10/2017,5332.919922,5350.439941,5326.660156,5350.439941,68575600
03/10/2017,5362.750000,5370.890137,5355.299805,5367.410156,58748500
04/10/2017,5369.240234,5369.450195,5345.200195,5363.229980,80019900
05/10/2017,5355.910156,5381.740234,5355.910156,5379.209961,70314300
06/10/2017,5378.069824,5378.069824,5350.259766,5359.899902,66128500
09/10/2017,5364.810059,5378.509766,5351.680176,5365.830078,55296900
10/10/2017,5364.160156,5372.270020,5351.790039,5363.649902,59718000
11/10/2017,5367.379883,5367.379883,5338.140137,5362.410156,71441700
12/10/2017,5358.419922,5361.919922,5342.689941,5360.810059,56447100
13/10/2017,5362.729980,5371.649902,5344.959961,5351.740234,73942000
16/10/2017,5362.529785,5371.620117,5347.609863,5362.879883,63076900
17/10/2017,5372.649902,5376.689941,5347.549805,5361.370117,64933200
18/10/2017,5368.089844,5394.229980,5359.680176,5383.810059,64165900
19/10/2017,5371.000000,5377.810059,5343.000000,5368.290039,86686600
20/10/2017,5389.479980,5392.089844,5368.209961,5372.379883,92307000
23/10/2017,5377.450195,5408.740234,5367.649902,5386.810059,63702000
24/10/2017,5377.859863,5413.029785,5377.859863,5394.799805,74560600
25/10/2017,5399.609863,5416.540039,5364.160156,5374.890137,80466800
26/10/2017,5383.439941,5459.609863,5375.259766,5455.399902,90950700
27/10/2017,5470.339844,5513.529785,5470.240234,5494.129883,95585200
30/10/2017,5488.330078,5507.560059,5487.290039,5493.629883,67428800
31/10/2017,5492.629883,5511.250000,5489.410156,5503.290039,75164700
01/11/2017,5524.379883,5536.399902,5514.290039,5514.290039,75303700
02/11/2017,5510.959961,5520.810059,5486.240234,5510.500000,70253200
03/11/2017,5513.470215,5521.919922,5498.290039,5517.970215,75125000
06/11/2017,5507.069824,5513.310059,5492.899902,5507.250000,70213800
07/11/2017,5521.750000,5525.549805,5475.919922,5480.640137,78339100
08/11/2017,5487.529785,5496.080078,5452.200195,5471.430176,92596200
09/11/2017,5470.180176,5479.700195,5401.430176,5407.750000,98897900
10/11/2017,5405.549805,5415.879883,5375.120117,5380.720215,84901400
13/11/2017,5382.649902,5384.759766,5301.020020,5341.629883,84572600
14/11/2017,5345.299805,5365.640137,5301.569824,5315.580078,90263700
15/11/2017,5301.140137,5312.390137,5267.220215,5301.250000,94175400
16/11/2017,5325.410156,5345.229980,5312.870117,5336.390137,74296300
17/11/2017,5335.850098,5350.250000,5304.350098,5319.169922,88650100
20/11/2017,5311.279785,5348.149902,5302.850098,5340.450195,66757000
21/11/2017,5335.839844,5385.859863,5326.859863,5366.149902,74777300
22/11/2017,5364.609863,5391.009766,5352.759766,5352.759766,67526600
23/11/2017,5339.759766,5391.890137,5330.319824,5379.540039,55368500
24/11/2017,5374.399902,5419.879883,5374.399902,5390.459961,54357200
27/11/2017,5378.959961,5408.470215,5359.390137,5360.089844,62120700
28/11/2017,5366.379883,5398.189941,5357.279785,5390.479980,65960000
29/11/2017,5416.490234,5441.689941,5394.890137,5398.049805,92621500
30/11/2017,5402.660156,5429.649902,5372.589844,5372.790039,128032500
01/12/2017,5374.129883,5378.319824,5299.060059,5316.890137,99908800
04/12/2017,5363.290039,5400.100098,5350.589844,5389.290039,81907500
05/12/2017,5382.229980,5392.479980,5349.790039,5375.529785,77844600
06/12/2017,5333.319824,5385.529785,5316.549805,5374.350098,78019500
07/12/2017,5374.569824,5396.310059,5365.750000,5383.859863,81173900
08/12/2017,5411.910156,5425.750000,5393.560059,5399.089844,90629200
11/12/2017,5411.709961,5411.709961,5382.500000,5386.830078,68771400
12/12/2017,5394.930176,5427.189941,5359.759766,5427.189941,80840200
13/12/2017,5415.319824,5429.029785,5393.979980,5399.450195,87609600
14/12/2017,5392.000000,5400.279785,5357.140137,5357.140137,78206300
15/12/2017,5340.339844,5360.870117,5330.100098,5349.299805,157439000
18/12/2017,5386.399902,5427.870117,5386.399902,5420.580078,81891400
19/12/2017,5409.649902,5420.640137,5380.149902,5382.910156,63736200
20/12/2017,5377.919922,5382.370117,5338.029785,5352.770020,68688100
21/12/2017,5332.390137,5389.799805,5323.540039,5385.970215,70387200
22/12/2017,5371.000000,5385.959961,5355.439941,5364.720215,46753800
27/12/2017,5359.819824,5388.140137,5352.529785,5368.839844,41098800
28/12/2017,5367.700195,5370.430176,5331.160156,5339.419922,42420600
29/12/2017,5336.149902,5344.049805,5312.560059,5312.560059,46218500
02/01/2018,5318.740234,5318.740234,5258.660156,5288.600098,66802600
03/01/2018,5295.310059,5347.629883,5291.890137,5331.279785,75371700
04/01/2018,5360.009766,5430.720215,5360.009766,5413.689941,92583500
05/01/2018,5424.160156,5470.750000,5422.779785,5470.750000,76275800
08/01/2018,5483.470215,5499.149902,5478.919922,5487.419922,72318000
09/01/2018,5491.910156,5525.669922,5491.910156,5523.939941,78844900
10/01/2018,5518.319824,5529.299805,5487.560059,5504.680176,96478300
11/01/2018,5514.089844,5516.589844,5478.970215,5488.549805,83544400
12/01/2018,5502.629883,5520.180176,5486.089844,5517.060059,80659900
15/01/2018,5515.549805,5525.009766,5501.279785,5509.689941,56215000
16/01/2018,5513.700195,5535.950195,5500.220215,5513.819824,69422000
17/01/2018,5496.259766,5518.390137,5485.020020,5493.990234,72741600
18/01/2018,5511.299805,5515.160156,5474.109863,5494.830078,82084500
19/01/2018,5493.990234,5528.890137,5490.319824,5526.509766,78466200
22/01/2018,5520.209961,5543.060059,5512.270020,5541.990234,77421200
23/01/2018,5563.560059,5567.029785,5521.830078,5535.259766,85807600
24/01/2018,5532.850098,5538.580078,5495.160156,5495.160156,85219400
25/01/2018,5493.810059,5525.759766,5456.049805,5481.209961,84803300
26/01/2018,5496.830078,5539.770020,5493.660156,5529.149902,65388300
29/01/2018,5534.140137,5537.529785,5517.669922,5521.589844,60112400
30/01/2018,5493.930176,5518.939941,5464.850098,5473.779785,80083100
31/01/2018,5483.509766,5496.779785,5471.180176,5481.930176,83562500
01/02/2018,5510.589844,5529.399902,5432.589844,5454.549805,87026200
02/02/2018,5433.839844,5437.259766,5364.979980,5364.979980,99312300
05/02/2018,5322.939941,5332.770020,5283.270020,5285.830078,96711900
06/02/2018,5104.279785,5226.129883,5101.149902,5161.810059,175358700
07/02/2018,5208.109863,5267.879883,5169.399902,5255.899902,117755000
08/02/2018,5229.779785,5248.439941,5129.520020,5151.680176,123977500
09/02/2018,5133.459961,5155.870117,5051.209961,5079.209961,143039900
12/02/2018,5130.399902,5165.750000,5113.819824,5140.060059,93467100
13/02/2018,5136.089844,5155.220215,5109.240234,5109.240234,78507900
14/02/2018,5137.569824,5188.140137,5081.620117,5165.259766,109723700
15/02/2018,5211.709961,5255.080078,5204.439941,5222.520020,97295500
16/02/2018,5249.419922,5291.479980,5245.799805,5281.580078,101183700
19/02/2018,5295.330078,5297.370117,5249.890137,5256.180176,51447900
20/02/2018,5257.430176,5291.810059,5249.850098,5289.859863,75702000
21/02/2018,5278.479980,5303.810059,5255.770020,5302.169922,72945400
22/02/2018,5272.430176,5321.189941,5253.200195,5309.229980,87528200
23/02/2018,5312.299805,5322.350098,5292.700195,5317.370117,68488500
26/02/2018,5343.569824,5357.359863,5329.509766,5344.259766,67882600
27/02/2018,5358.569824,5363.520020,5329.790039,5343.930176,76239100
28/02/2018,5321.500000,5357.060059,5312.620117,5320.490234,84387800
01/03/2018,5304.810059,5315.770020,5242.870117,5262.560059,112757700
02/03/2018,5223.140137,5226.109863,5121.240234,5136.580078,117629800
05/03/2018,5116.390137,5176.520020,5115.939941,5167.229980,120940100
06/03/2018,5203.109863,5216.600098,5170.140137,5170.229980,90489200
07/03/2018,5151.689941,5203.060059,5134.509766,5187.830078,93450600
08/03/2018,5189.140137,5264.359863,5186.279785,5254.100098,92799400
09/03/2018,5243.089844,5293.080078,5241.509766,5274.399902,75500400
12/03/2018,5298.220215,5302.419922,5258.109863,5276.709961,64074300
13/03/2018,5284.839844,5311.660156,5225.270020,5242.790039,87014000
14/03/2018,5237.750000,5272.720215,5224.310059,5233.359863,73618000
15/03/2018,5252.220215,5274.939941,5235.939941,5267.259766,82441300
16/03/2018,5259.359863,5299.229980,5258.509766,5282.750000,150258600
19/03/2018,5263.390137,5265.439941,5210.069824,5222.839844,76919000
20/03/2018,5232.120117,5255.100098,5208.509766,5252.430176,66443200
21/03/2018,5252.779785,5257.240234,5220.259766,5239.740234,69220400
22/03/2018,5205.169922,5231.169922,5119.290039,5167.209961,104323700
23/03/2018,5115.819824,5128.709961,5059.669922,5095.220215,102365000
26/03/2018,5106.339844,5126.990234,5043.270020,5066.279785,83600900
27/03/2018,5141.399902,5149.049805,5100.209961,5115.740234,84280000
28/03/2018,5073.419922,5130.439941,5038.120117,5130.439941,102195900
29/03/2018,5152.029785,5194.979980,5134.750000,5167.299805,92382200
03/04/2018,5144.629883,5171.620117,5118.689941,5152.120117,81857300
04/04/2018,5155.470215,5163.629883,5094.689941,5141.799805,91113200
05/04/2018,5216.680176,5280.609863,5213.629883,5276.669922,94689000
06/04/2018,5256.250000,5282.720215,5243.020020,5258.240234,68854400
09/04/2018,5271.000000,5289.720215,5247.569824,5263.390137,60670000
10/04/2018,5299.580078,5312.879883,5281.580078,5307.560059,78090500
11/04/2018,5301.439941,5303.319824,5264.270020,5277.939941,68231500
12/04/2018,5280.660156,5309.970215,5266.359863,5309.220215,82203700
13/04/2018,5318.129883,5339.049805,5303.379883,5315.020020,68375700
16/04/2018,5322.410156,5322.410156,5298.939941,5312.959961,60319200
17/04/2018,5325.629883,5370.229980,5317.120117,5353.540039,81726700
18/04/2018,5360.450195,5381.740234,5359.629883,5380.169922,82529900
19/04/2018,5389.819824,5397.839844,5377.109863,5391.640137,74094100
20/04/2018,5395.129883,5425.790039,5381.109863,5412.830078,87342700
23/04/2018,5404.720215,5440.839844,5392.580078,5438.549805,65848500
24/04/2018,5428.180176,5446.700195,5414.399902,5444.160156,90205000
25/04/2018,5414.149902,5442.319824,5388.669922,5413.299805,78056400
26/04/2018,5416.750000,5460.009766,5407.580078,5453.580078,83179000
27/04/2018,5454.250000,5483.189941,5453.970215,5483.189941,71130200
30/04/2018,5477.439941,5521.439941,5474.479980,5520.500000,73369100
02/05/2018,5511.459961,5538.729980,5509.080078,5529.220215,93979100
03/05/2018,5515.359863,5523.779785,5489.629883,5501.660156,79259400
04/05/2018,5495.709961,5516.049805,5485.990234,5516.049805,85333000
07/05/2018,5511.939941,5532.120117,5503.700195,5531.419922,45591900
08/05/2018,5523.910156,5529.149902,5496.390137,5521.930176,70214400
09/05/2018,5520.649902,5535.240234,5511.580078,5534.629883,72894200
10/05/2018,5532.370117,5547.200195,5522.910156,5545.950195,48972800
11/05/2018,5533.410156,5544.740234,5521.339844,5541.939941,61288900
14/05/2018,5539.049805,5542.209961,5524.439941,5540.680176,59725700
15/05/2018,5529.390137,5563.359863,5527.640137,5553.160156,88419600
16/05/2018,5546.390137,5570.959961,5540.669922,5567.540039,76258900
17/05/2018,5570.390137,5621.919922,5570.040039,5621.919922,80318200
18/05/2018,5610.140137,5643.149902,5603.350098,5614.509766,115184600
21/05/2018,5626.700195,5657.439941,5626.180176,5637.509766,49392900
22/05/2018,5637.939941,5653.089844,5628.930176,5640.100098,82627400
23/05/2018,5626.020020,5626.020020,5544.410156,5565.850098,100736000
24/05/2018,5576.649902,5598.649902,5523.220215,5548.450195,85231200
25/05/2018,5570.729980,5592.160156,5519.779785,5542.549805,87810500
28/05/2018,5565.660156,5577.379883,5492.299805,5508.930176,58701500
29/05/2018,5466.479980,5480.180176,5389.609863,5438.060059,141981600
30/05/2018,5420.149902,5434.240234,5386.149902,5427.350098,116950900
31/05/2018,5440.950195,5453.009766,5381.379883,5398.399902,144487200
01/06/2018,5440.419922,5482.560059,5438.310059,5465.529785,99399200
04/06/2018,5497.740234,5501.479980,5468.919922,5472.910156,79269000
05/06/2018,5464.879883,5512.819824,5460.950195,5460.950195,84084300
06/06/2018,5470.580078,5480.310059,5419.939941,5457.560059,88256900
07/06/2018,5482.609863,5500.319824,5440.660156,5448.359863,80269600
08/06/2018,5419.709961,5458.850098,5405.359863,5450.220215,79611800
11/06/2018,5459.810059,5480.419922,5451.129883,5473.910156,87500400
